Tanggal,Harga
2025-07-22,1946000
2025-07-21,1927000
2025-07-19,1927000
2025-07-18,1917000
2025-07-17,1919000
2025-07-16,1908000
2025-07-15,1914000
2025-07-14,1924000
2025-07-12,1919000
2025-07-11,1906000
2025-07-10,1902000
2025-07-09,1894000
2025-07-08,1906000
2025-07-07,1901000
2025-07-04,1907000
2025-07-03,1911000
2025-07-02,1913000
2025-07-01,1896000
2025-06-30,1880000
2025-06-29,1884000
2025-06-28,1884000
2025-06-27,1907000
2025-06-26,1924000
2025-06-25,1932000
2025-06-24,1932000
2025-06-23,1942000
2025-06-22,1942000
2025-06-21,1942000
2025-06-20,1936000
2025-06-19,1937000
2025-06-18,1943000
2025-06-17,1950000
2025-06-16,1968000
2025-06-14,1960000
2025-06-13,1951000
2025-06-12,1928000
2025-06-11,1910000
2025-06-10,1909000
2025-06-09,1909000
2025-06-07,1904000
2025-06-06,1929000
2025-06-05,1938000
2025-06-04,1924000
2025-06-03,1940000
2025-06-02,1905000
2025-05-31,1888000
2025-05-30,1888000
2025-05-29,1874000
2025-05-28,1895000
2025-05-27,1923000
2025-05-26,1919000
2025-05-24,1930000
2025-05-23,1910000
2025-05-22,1915000
2025-05-21,1894000
2025-05-20,1871000
2025-05-19,1894000
2025-05-17,1871000
2025-05-16,1891000
2025-05-15,1866000
2025-05-14,1886000
2025-05-13,1884000
2025-05-12,1905000
2025-05-11,1928000
2025-05-10,1928000
2025-05-09,1926000
2025-05-08,1953000
2025-05-07,1956000
2025-05-06,1931000
2025-05-05,1905000
2025-05-03,1902000
2025-05-02,1912000
2025-05-01,1932000
2025-04-30,1965000
2025-04-29,1966000
2025-04-28,1960000
2025-04-26,1965000
2025-04-25,1986000
2025-04-24,1969000
2025-04-23,2039000
2025-04-22,2016000
2025-04-21,1980000
2025-04-19,1965000
2025-04-18,1965000
2025-04-17,1975000
2025-04-16,1916000
2025-04-15,1896000
2025-04-14,1896000
2025-04-12,1904000
2025-04-11,1889000
2025-04-10,1846000
2025-04-09,1777000
2025-04-08,1754000
2025-04-07,1758000
2025-04-05,1781000
2025-04-04,1819000
2025-04-03,1836000
2025-04-02,1819000
2025-04-01,1826000
2025-03-31,1806000
2025-03-30,1806000
2025-03-29,1806000
2025-03-27,1776000
2025-03-26,1769000
2025-03-25,1759000
2025-03-24,1765000
2025-03-22,1764000
2025-03-21,1779000
2025-03-20,1774000
2025-03-19,1759000
2025-03-18,1745000
2025-03-17,1741000
2025-03-15,1739000
2025-03-14,1742000
2025-03-13,1714000
2025-03-12,1702000
2025-03-11,1679000
2025-03-10,1693000
2025-03-08,1690000
2025-03-07,1690000
2025-03-06,1706000
2025-03-05,1709000
2025-03-04,1704000
2025-03-03,1679000
2025-03-01,1672000
2025-02-28,1678000
2025-02-27,1692000
2025-02-26,1694000
2025-02-25,1707000
2025-02-24,1705000
2025-02-22,1704000
2025-02-21,1707000
2025-02-20,1708000
2025-02-19,1691000
2025-02-18,1679000
2025-02-17,1671000
2025-02-15,1678000
2025-02-14,1701000
2025-02-13,1692000
2025-02-12,1684000
2025-02-11,1692000
2025-02-10,1667000
2025-02-09,1662000
2025-02-08,1662000
2025-02-07,1660000
2025-02-06,1670000
2025-02-05,1663000
2025-02-04,1650000
2025-02-03,1621000
2025-02-02,1624000
2025-02-01,1624000
2025-01-31,1620000
2025-01-30,1606000
2025-01-29,1607000
2025-01-28,1597000
2025-01-27,1609000
2025-01-26,1611000
2025-01-25,1611000
2025-01-24,1608000
2025-01-23,1607000
2025-01-22,1606000
2025-01-21,1591000
2025-01-20,1585000
2025-01-18,1587000
2025-01-17,1594000
2025-01-16,1577000
2025-01-15,1564000
2025-01-14,1560000
2025-01-13,1568000
2025-01-12,1568000
2025-01-11,1568000
2025-01-10,1555000
2025-01-09,1546000
2025-01-08,1541000
2025-01-07,1535000
2025-01-06,1539000
2025-01-05,1539000
2025-01-04,1539000
2025-01-03,1543000
2024-12-27,1520000
2024-12-26,1520000
2024-12-25,1520000
2024-12-25,1520000
2024-12-24,1520000
2024-12-23,1533000
2024-12-22,1533000
2024-12-21,1533000
2024-12-20,1515000
2024-12-19,1505000
2024-12-18,1520000
2024-12-17,1520000
2024-12-16,1517000
2024-12-15,1517000
2024-12-14,1531000
2024-12-13,1531000
2024-12-12,1548000
2024-12-11,1534000
2024-12-10,1517000
2024-12-09,1508000
2024-12-08,1508000
2024-12-07,1508000
2024-12-06,1514000
2024-12-05,1522000
2024-12-04,1513000
2024-12-03,1514000
2024-12-02,1509000
2024-12-01,1514000
2024-11-30,1508000
2024-11-29,1508000
2024-11-28,1513000
2024-11-27,1504000
2024-11-26,1499000
2024-11-25,1539000
2024-11-24,1541000
2024-11-23,1541000
2024-11-22,1520000
2024-11-21,1508000
2024-11-20,1498000
2024-11-19,1491000
2024-11-18,1478000
2024-11-15,1468000
2024-11-14,1466000
2024-11-13,1477000
2024-11-12,1482000
2024-11-11,1517000
2024-11-10,1517000
2024-11-09,1517000
2024-11-08,1527000
2024-11-07,1513000
2024-11-06,1543000
2024-11-05,1539000
2024-11-04,1539000
2024-11-03,1539000
2024-11-02,1539000
2024-11-01,1547000
2024-10-31,1567000
2024-10-30,1548000
2024-10-29,1560000
2024-10-28,1527000
2024-10-27,1534000
2024-10-26,1534000
2024-10-25,1529000
2024-10-24,1515000
2024-10-23,1521000
2024-10-22,1510000
2024-10-21,1514000
2024-10-20,1514000
2024-10-19,1514000
2024-10-18,1503000
2024-10-17,1491000
2024-10-16,1491000
2024-10-15,1488000
2024-10-14,1490000
2024-10-13,1495000
2024-10-12,1495000
2024-10-11,1481000
2024-10-10,1473000
2024-10-09,1483000
2024-10-08,1491000
2024-10-07,1478000
2024-10-06,1482000
2024-10-05,1482000
2024-10-04,1471000
2024-10-03,1469000
2024-10-02,1464000
2024-10-01,1452000
2024-09-30,1464000
2024-09-29,1461000
2024-09-28,1461000
2024-09-27,1461000
2024-09-26,1461000
2024-09-25,1463000
2024-09-24,1443000
2024-09-23,1455000
2024-09-22,1455000
2024-09-21,1455000
2024-09-20,1443000
2024-09-19,1430000
2024-09-18,1440000
2024-09-17,1444000
2024-09-16,1443000
2024-09-15,1429000
2024-09-14,1429000
2024-09-13,1429000
2024-09-12,1409000
2024-09-11,1411000
2024-09-10,1399000
2024-09-09,1398000
2024-09-07,1405000
2024-09-06,1414000
2024-09-05,1409000
2024-09-04,1406000
2024-09-03,1404000
2024-09-02,1401000
2024-08-30,1401000
2024-08-29,1413000
2024-08-28,1412000
2024-08-27,1420000
2024-08-26,1420000
2024-08-25,1420000
2024-08-24,1420000
2024-08-23,1411000
2024-08-22,1410000
2024-08-21,1415000
2024-08-20,1419000
2024-08-19,1418000
2024-08-18,1418000
2024-08-17,1418000
2024-08-16,1404000
2024-08-15,1414000
2024-08-14,1419000
2024-08-13,1419000
2024-08-12,1401000
2024-08-11,1401000
2024-08-10,1401000
2024-08-09,1409000
2024-08-08,1399000
2024-08-07,1399000
2024-08-06,1413000
2024-08-05,1420000
2024-08-04,1420000
2024-08-03,1428000
2024-08-02,1431000
2024-08-01,1433000
2024-07-29,1402000
2024-07-28,1396000
2024-07-27,1396000
2024-07-26,1386000
2024-07-25,1400000
2024-07-24,1406000
2024-07-23,1404000
2024-07-22,1404000
2024-07-21,1404000
2024-07-20,1404000
2024-07-19,1419000
2024-07-18,1427000
2024-07-17,1420000
2024-07-16,1403000
2024-07-15,1399000
2024-07-14,1400000
2024-07-13,1400000
2024-07-12,1399000
2024-07-11,1386000
2024-07-10,1380000
2024-07-09,1389000
2024-07-08,1396000
2024-07-06,1395000
2024-07-05,1383000
2024-07-04,1378000
2024-07-03,1365000
2024-07-02,1368000
2024-07-01,1363000
2024-06-30,1365000
2024-06-29,1365000
2024-06-28,1360000
2024-06-27,1350000
2024-06-26,1361000
2024-06-25,1368000
2024-06-24,1360000
2024-06-23,1357000
2024-06-22,1357000
2024-06-21,1371000
2024-06-20,1355000
2024-06-19,1349000
2024-06-18,1342000
2024-06-17,1344000
2024-06-16,1347000
2024-06-15,1347000
2024-06-14,1333000
2024-06-13,1341000
2024-06-12,1338000
2024-06-11,1330000
2024-06-10,1329000
2024-06-09,1328000
2024-06-08,1328000
2024-06-07,1366000
2024-06-06,1349000
2024-06-05,1336000
2024-06-04,1349000
2024-06-03,1335000
2024-06-02,1336000
2024-06-01,1337000
2024-05-31,1337000
2024-05-30,1329000
2024-05-29,1338000
2024-05-28,1333000
2024-05-27,1327000
2024-05-25,1325000
2024-05-24,1325000
2024-05-23,1345000
2024-05-22,1357000
2024-05-21,1358000
2024-05-20,1363000
2024-05-19,1350000
2024-05-18,1350000
2024-05-17,1343000
2024-05-16,1354000
2024-05-15,1332000
2024-05-14,1324000
2024-05-13,1333000
2024-05-12,1333000
2024-05-11,1333000
2024-05-10,1326000
2024-05-09,1306000
2024-05-08,1308000
2024-05-07,1318000
2024-05-06,1310000
2024-05-04,1313000
2024-05-03,1318000
2024-05-02,1327000
2024-05-01,1310000
2024-04-30,1325000
2024-04-29,1325000
2024-04-28,1326000
2024-04-27,1326000
2024-04-26,1319000
2024-04-25,1319000
2024-04-24,1320000
2024-04-23,1325000
2024-04-22,1343000
2024-04-21,1347000
2024-04-20,1347000
2024-04-19,1345000
2024-04-18,1335000
2024-04-17,1321000
2024-04-16,1321000
2024-04-15,1315000
2024-04-14,1310000
2024-04-13,1310000
2024-04-12,1324000
2024-04-09,1306000
2024-04-08,1289000
2024-04-07,1299000
2024-04-06,1299000
2024-04-05,1279000
2024-04-04,1283000
2024-04-03,1274000
2024-04-02,1256000
2024-04-01,1254000
2024-03-31,1249000
2024-03-30,1249000
2024-03-29,1249000
2024-03-28,1222000
2024-03-27,1217000
2024-03-26,1213000
2024-03-25,1203000
2024-03-23,1203000
2024-03-22,1211000
2024-03-21,1219000
2024-03-20,1199000
2024-03-19,1199000
2024-03-18,1193000
2024-03-17,1193000
2024-03-16,1193000
2024-03-15,1194000
2024-03-14,1203000
2024-03-13,1200000
2024-03-12,1210000
2024-03-11,1208000
2024-03-10,1208000
2024-03-09,1208000
2024-03-08,1204000
2024-03-07,1199000
2024-03-06,1186000
2024-03-05,1179000
2024-03-04,1164000
2024-03-03,1164000
2003-03-28,1792000
